target,actual,predicted
position,11.0,13.29
position,13.0,12.125
position,8.0,4.91
position,11.0,13.255
position,8.0,6.885
position,12.0,13.07
position,20.0,18.21
position,14.0,12.785
position,18.0,16.92
position,7.0,4.365
position,12.0,13.475
position,13.0,12.805
position,15.0,13.1
position,12.0,12.015
position,11.0,12.285
position,1.0,3.505
position,12.0,12.915
position,11.0,13.5
position,15.0,13.565
position,3.0,4.985
position,7.0,6.1
position,4.0,2.7
position,7.0,4.775
position,9.0,7.055
position,20.0,19.61
position,4.0,6.425
position,3.0,3.33
position,4.0,3.715
position,10.0,9.035
position,6.0,5.78
position,3.0,5.21
position,10.0,7.07
position,9.0,7.495
position,14.0,13.41
position,15.0,11.24
position,10.0,7.795
position,19.0,20.165
position,16.0,17.575
position,5.0,3.48
position,9.0,6.86
position,7.0,3.005
position,12.0,11.725
position,14.0,11.935
position,5.0,4.215
position,13.0,12.555
position,18.0,17.1
position,3.0,8.135
position,15.0,13.6
position,11.0,12.91
position,4.0,3.66
position,15.0,14.02
position,20.0,16.375
position,3.0,4.59
position,2.0,2.38
position,12.0,13.605
position,5.0,3.54
position,17.0,18.29
position,8.0,6.565
position,8.0,6.04
position,16.0,13.07
position,5.0,7.645
position,20.0,18.645
position,4.0,7.44
position,4.0,4.565
position,16.0,11.465
position,10.0,8.125
position,8.0,7.33
position,4.0,4.375
position,10.0,7.375
position,3.0,3.02
position,19.0,18.325
position,1.0,2.58
position,5.0,4.225
position,7.0,5.96
position,3.0,6.26
position,17.0,17.39
position,10.0,8.51
position,4.0,5.2
position,20.0,17.51
position,2.0,2.945
position,20.0,18.39
position,15.0,12.005
position,5.0,4.975
position,16.0,17.32
position,15.0,13.28
position,11.0,12.715
position,10.0,7.16
position,9.0,5.565
position,15.0,13.205
position,10.0,13.32
position,17.0,18.83
position,2.0,3.02
position,13.0,12.605
position,2.0,5.835
position,14.0,13.385
position,8.0,7.585
position,8.0,6.52
position,6.0,3.495
position,10.0,12.34
position,10.0,8.715
position,5.0,6.55
position,1.0,4.785
position,3.0,4.09
position,5.0,5.66
position,10.0,7.45
position,3.0,5.305
position,10.0,7.635
position,12.0,12.225
position,12.0,13.575
position,1.0,3.595
position,10.0,7.225
position,2.0,4.71
position,8.0,5.49
position,15.0,13.63
position,5.0,2.755
position,18.0,17.86
position,21.0,21.105
position,12.0,12.69
position,15.0,12.435
position,2.0,4.26
position,10.0,12.06
position,8.0,4.51
position,16.0,17.9
position,14.0,13.175
position,2.0,3.7
position,13.0,12.485
position,8.0,5.44
position,16.0,13.02
position,12.0,12.4
position,1.0,1.925
position,4.0,6.675
position,15.0,12.695
position,11.0,13.79
position,12.0,12.01
position,11.0,13.05
position,7.0,3.68
position,9.0,7.59
position,16.0,13.05
position,2.0,3.835
position,2.0,3.97
position,9.0,7.18
position,12.0,13.805
position,18.0,16.42
position,1.0,4.38
position,11.0,13.72
position,11.0,13.17
position,6.0,3.085
position,10.0,6.4
position,16.0,15.74
position,19.0,16.915
position,20.0,18.69
position,16.0,14.015
position,22.0,19.985
position,4.0,3.305
position,10.0,6.395
position,15.0,13.095
position,8.0,8.43
position,21.0,20.16
position,17.0,18.585
position,11.0,12.35
position,14.0,12.79
position,11.0,12.53
position,10.0,7.11
position,10.0,8.79
position,18.0,18.03
position,6.0,5.11
position,1.0,2.725
position,19.0,12.79
position,8.0,7.425
position,18.0,18.29
position,9.0,7.555
position,20.0,18.14
position,19.0,17.71
position,17.0,17.645
position,13.0,13.665
position,1.0,4.21
position,11.0,13.92
position,10.0,7.49
position,5.0,6.84
position,17.0,17.17
position,9.0,6.3
position,9.0,5.295
position,16.0,17.805
position,12.0,12.77
position,5.0,6.195
position,7.0,4.295
position,1.0,3.525
position,8.0,5.16
position,2.0,2.66
position,3.0,5.525
position,11.0,13.2
position,14.0,11.755
position,14.0,13.62
position,11.0,11.875
position,3.0,2.85
position,1.0,3.25
position,4.0,4.535
position,1.0,4.33
position,9.0,4.525
position,11.0,13.375
position,9.0,6.985
position,20.0,17.955
position,20.0,19.51
position,11.0,12.175
position,6.0,4.625
position,6.0,5.765
position,12.0,13.73
position,9.0,5.53
position,15.0,16.315
position,5.0,5.83
position,19.0,17.745
position,16.0,18.545
position,11.0,12.275
position,20.0,11.685
position,18.0,18.61
position,20.0,18.47
position,17.0,17.06
position,17.0,18.315
position,6.0,3.63
position,8.0,4.42
position,14.0,17.49
position,13.0,13.955
position,5.0,2.89
position,4.0,5.205
position,17.0,16.255
position,18.0,18.665
position,2.0,3.85
position,13.0,10.52
position,7.0,4.035
position,7.0,12.34
position,11.0,12.28
position,6.0,6.775
position,7.0,6.51
position,18.0,16.985
position,7.0,5.29
position,13.0,13.095
position,7.0,5.155
position,6.0,8.52
position,19.0,17.515
position,9.0,6.655
position,7.0,7.355
position,18.0,17.145
position,6.0,3.625
position,17.0,17.48
position,2.0,3.275
position,5.0,3.1
position,4.0,5.305
position,21.0,19.08
position,3.0,3.435
position,16.0,17.87
position,13.0,12.025
position,16.0,16.2
position,14.0,12.845
q3,0.0,0.0
q3,0.0,0.0
q3,1.0,1.0
q3,0.0,0.0
q3,1.0,1.0
q3,0.0,1.0
q3,0.0,0.0
q3,0.0,0.0
q3,0.0,0.0
q3,1.0,1.0
q3,0.0,0.0
q3,0.0,1.0
q3,0.0,1.0
q3,0.0,0.0
q3,0.0,0.0
q3,1.0,1.0
q3,0.0,0.0
q3,0.0,0.0
q3,0.0,0.0
q3,1.0,1.0
q3,1.0,1.0
q3,1.0,1.0
q3,1.0,1.0
q3,1.0,1.0
q3,0.0,0.0
q3,1.0,1.0
q3,1.0,1.0
q3,1.0,1.0
q3,1.0,1.0
q3,1.0,1.0
q3,1.0,1.0
q3,1.0,1.0
q3,1.0,1.0
q3,0.0,0.0
q3,0.0,0.0
q3,1.0,1.0
q3,0.0,0.0
q3,0.0,0.0
q3,1.0,1.0
q3,1.0,1.0
q3,1.0,1.0
q3,0.0,0.0
q3,0.0,0.0
q3,1.0,1.0
q3,0.0,0.0
q3,0.0,0.0
q3,1.0,1.0
q3,0.0,0.0
q3,0.0,0.0
q3,1.0,1.0
q3,0.0,1.0
q3,0.0,0.0
q3,1.0,1.0
q3,1.0,1.0
q3,0.0,0.0
q3,1.0,1.0
q3,0.0,0.0
q3,1.0,1.0
q3,1.0,1.0
q3,0.0,0.0
q3,1.0,1.0
q3,0.0,1.0
q3,1.0,1.0
q3,1.0,1.0
q3,0.0,1.0
q3,1.0,1.0
q3,1.0,1.0
q3,1.0,1.0
q3,1.0,1.0
q3,1.0,1.0
q3,0.0,0.0
q3,1.0,1.0
q3,1.0,1.0
q3,1.0,1.0
q3,1.0,1.0
q3,0.0,0.0
q3,1.0,1.0
q3,1.0,1.0
q3,0.0,0.0
q3,1.0,1.0
q3,0.0,0.0
q3,0.0,0.0
q3,1.0,1.0
q3,0.0,0.0
q3,0.0,0.0
q3,0.0,1.0
q3,1.0,1.0
q3,1.0,1.0
q3,0.0,0.0
q3,0.0,1.0
q3,0.0,0.0
q3,1.0,1.0
q3,0.0,0.0
q3,1.0,1.0
q3,0.0,0.0
q3,1.0,1.0
q3,1.0,1.0
q3,1.0,1.0
q3,0.0,0.0
q3,1.0,1.0
q3,1.0,1.0
q3,1.0,1.0
q3,1.0,1.0
q3,1.0,1.0
q3,1.0,1.0
q3,1.0,1.0
q3,1.0,1.0
q3,0.0,0.0
q3,0.0,0.0
q3,1.0,1.0
q3,1.0,0.0
q3,1.0,1.0
q3,1.0,1.0
q3,0.0,1.0
q3,1.0,1.0
q3,0.0,1.0
q3,0.0,0.0
q3,0.0,0.0
q3,0.0,0.0
q3,1.0,1.0
q3,0.0,0.0
q3,1.0,1.0
q3,0.0,0.0
q3,0.0,1.0
q3,1.0,1.0
q3,0.0,0.0
q3,1.0,1.0
q3,0.0,0.0
q3,0.0,0.0
q3,1.0,1.0
q3,1.0,1.0
q3,0.0,0.0
q3,0.0,0.0
q3,0.0,0.0
q3,0.0,0.0
q3,1.0,1.0
q3,1.0,1.0
q3,0.0,1.0
q3,1.0,1.0
q3,1.0,1.0
q3,1.0,1.0
q3,0.0,0.0
q3,0.0,0.0
q3,1.0,1.0
q3,0.0,0.0
q3,0.0,1.0
q3,1.0,1.0
q3,1.0,0.0
q3,0.0,0.0
q3,0.0,0.0
q3,0.0,1.0
q3,0.0,0.0
q3,0.0,1.0
q3,1.0,1.0
q3,1.0,1.0
q3,0.0,0.0
q3,1.0,1.0
q3,0.0,0.0
q3,0.0,0.0
q3,0.0,0.0
q3,0.0,0.0
q3,0.0,0.0
q3,1.0,1.0
q3,0.0,1.0
q3,0.0,1.0
q3,1.0,1.0
q3,1.0,1.0
q3,0.0,1.0
q3,1.0,1.0
q3,0.0,0.0
q3,1.0,1.0
q3,0.0,0.0
q3,0.0,1.0
q3,0.0,1.0
q3,0.0,1.0
q3,1.0,1.0
q3,0.0,0.0
q3,1.0,1.0
q3,1.0,1.0
q3,0.0,0.0
q3,1.0,1.0
q3,1.0,1.0
q3,0.0,0.0
q3,0.0,0.0
q3,1.0,1.0
q3,1.0,1.0
q3,1.0,1.0
q3,1.0,1.0
q3,1.0,1.0
q3,1.0,0.0
q3,0.0,0.0
q3,0.0,0.0
q3,0.0,0.0
q3,0.0,0.0
q3,1.0,1.0
q3,1.0,1.0
q3,1.0,1.0
q3,1.0,1.0
q3,1.0,1.0
q3,0.0,0.0
q3,1.0,1.0
q3,0.0,1.0
q3,0.0,0.0
q3,0.0,0.0
q3,1.0,1.0
q3,1.0,1.0
q3,0.0,1.0
q3,1.0,1.0
q3,0.0,0.0
q3,1.0,1.0
q3,0.0,0.0
q3,0.0,0.0
q3,0.0,0.0
q3,0.0,1.0
q3,0.0,0.0
q3,0.0,0.0
q3,0.0,0.0
q3,0.0,0.0
q3,1.0,1.0
q3,1.0,1.0
q3,0.0,0.0
q3,0.0,0.0
q3,1.0,1.0
q3,1.0,1.0
q3,0.0,0.0
q3,0.0,0.0
q3,1.0,1.0
q3,0.0,1.0
q3,1.0,1.0
q3,0.0,1.0
q3,0.0,0.0
q3,1.0,1.0
q3,1.0,1.0
q3,0.0,0.0
q3,1.0,1.0
q3,0.0,0.0
q3,1.0,1.0
q3,0.0,1.0
q3,0.0,0.0
q3,1.0,1.0
q3,1.0,1.0
q3,0.0,0.0
q3,1.0,1.0
q3,0.0,0.0
q3,1.0,1.0
q3,1.0,1.0
q3,1.0,1.0
q3,0.0,0.0
q3,1.0,0.0
q3,0.0,0.0
q3,0.0,0.0
q3,0.0,0.0
q3,0.0,1.0
top10,0.0,0.0
top10,0.0,0.0
top10,1.0,1.0
top10,0.0,0.0
top10,1.0,1.0
top10,0.0,1.0
top10,0.0,0.0
top10,0.0,0.0
top10,0.0,0.0
top10,1.0,1.0
top10,0.0,0.0
top10,0.0,1.0
top10,0.0,1.0
top10,0.0,0.0
top10,0.0,0.0
top10,1.0,1.0
top10,0.0,0.0
top10,0.0,0.0
top10,0.0,0.0
top10,1.0,1.0
top10,1.0,1.0
top10,1.0,1.0
top10,1.0,1.0
top10,1.0,1.0
top10,0.0,0.0
top10,1.0,1.0
top10,1.0,1.0
top10,1.0,1.0
top10,1.0,1.0
top10,1.0,1.0
top10,1.0,1.0
top10,1.0,1.0
top10,1.0,1.0
top10,0.0,0.0
top10,0.0,0.0
top10,1.0,1.0
top10,0.0,0.0
top10,0.0,0.0
top10,1.0,1.0
top10,1.0,1.0
top10,1.0,1.0
top10,0.0,0.0
top10,0.0,0.0
top10,1.0,1.0
top10,0.0,0.0
top10,0.0,0.0
top10,1.0,1.0
top10,0.0,0.0
top10,0.0,0.0
top10,1.0,1.0
top10,0.0,1.0
top10,0.0,0.0
top10,1.0,1.0
top10,1.0,1.0
top10,0.0,0.0
top10,1.0,1.0
top10,0.0,0.0
top10,1.0,1.0
top10,1.0,1.0
top10,0.0,0.0
top10,1.0,1.0
top10,0.0,1.0
top10,1.0,1.0
top10,1.0,1.0
top10,0.0,1.0
top10,1.0,1.0
top10,1.0,1.0
top10,1.0,1.0
top10,1.0,1.0
top10,1.0,1.0
top10,0.0,0.0
top10,1.0,1.0
top10,1.0,1.0
top10,1.0,1.0
top10,1.0,1.0
top10,0.0,0.0
top10,1.0,1.0
top10,1.0,1.0
top10,0.0,0.0
top10,1.0,1.0
top10,0.0,0.0
top10,0.0,0.0
top10,1.0,1.0
top10,0.0,0.0
top10,0.0,0.0
top10,0.0,1.0
top10,1.0,1.0
top10,1.0,1.0
top10,0.0,0.0
top10,1.0,1.0
top10,0.0,0.0
top10,1.0,1.0
top10,0.0,0.0
top10,1.0,1.0
top10,0.0,0.0
top10,1.0,1.0
top10,1.0,1.0
top10,1.0,1.0
top10,1.0,0.0
top10,1.0,1.0
top10,1.0,1.0
top10,1.0,1.0
top10,1.0,1.0
top10,1.0,1.0
top10,1.0,1.0
top10,1.0,1.0
top10,1.0,1.0
top10,0.0,0.0
top10,0.0,0.0
top10,1.0,1.0
top10,1.0,0.0
top10,1.0,1.0
top10,1.0,1.0
top10,0.0,1.0
top10,1.0,1.0
top10,0.0,1.0
top10,0.0,0.0
top10,0.0,0.0
top10,0.0,0.0
top10,1.0,1.0
top10,1.0,0.0
top10,1.0,1.0
top10,0.0,0.0
top10,0.0,1.0
top10,1.0,1.0
top10,0.0,0.0
top10,1.0,1.0
top10,0.0,0.0
top10,0.0,0.0
top10,1.0,1.0
top10,1.0,1.0
top10,0.0,0.0
top10,0.0,0.0
top10,0.0,0.0
top10,0.0,0.0
top10,1.0,1.0
top10,1.0,1.0
top10,0.0,1.0
top10,1.0,1.0
top10,1.0,1.0
top10,1.0,1.0
top10,0.0,0.0
top10,0.0,0.0
top10,1.0,1.0
top10,0.0,0.0
top10,0.0,1.0
top10,1.0,1.0
top10,1.0,0.0
top10,0.0,0.0
top10,0.0,0.0
top10,0.0,1.0
top10,0.0,0.0
top10,0.0,1.0
top10,1.0,1.0
top10,1.0,1.0
top10,0.0,0.0
top10,1.0,1.0
top10,0.0,0.0
top10,0.0,0.0
top10,0.0,0.0
top10,0.0,0.0
top10,0.0,0.0
top10,1.0,1.0
top10,1.0,1.0
top10,0.0,1.0
top10,1.0,1.0
top10,1.0,1.0
top10,0.0,1.0
top10,1.0,1.0
top10,0.0,0.0
top10,1.0,1.0
top10,0.0,0.0
top10,0.0,1.0
top10,0.0,1.0
top10,0.0,1.0
top10,1.0,1.0
top10,0.0,0.0
top10,1.0,1.0
top10,1.0,1.0
top10,0.0,0.0
top10,1.0,1.0
top10,1.0,1.0
top10,0.0,0.0
top10,0.0,0.0
top10,1.0,1.0
top10,1.0,1.0
top10,1.0,1.0
top10,1.0,1.0
top10,1.0,1.0
top10,1.0,1.0
top10,0.0,0.0
top10,0.0,0.0
top10,0.0,0.0
top10,0.0,0.0
top10,1.0,1.0
top10,1.0,1.0
top10,1.0,1.0
top10,1.0,1.0
top10,1.0,1.0
top10,0.0,0.0
top10,1.0,1.0
top10,0.0,1.0
top10,0.0,0.0
top10,0.0,0.0
top10,1.0,1.0
top10,1.0,1.0
top10,0.0,1.0
top10,1.0,1.0
top10,0.0,0.0
top10,1.0,1.0
top10,0.0,0.0
top10,0.0,0.0
top10,0.0,0.0
top10,0.0,1.0
top10,0.0,0.0
top10,0.0,0.0
top10,0.0,0.0
top10,0.0,0.0
top10,1.0,1.0
top10,1.0,1.0
top10,0.0,0.0
top10,0.0,0.0
top10,1.0,1.0
top10,1.0,1.0
top10,0.0,0.0
top10,0.0,0.0
top10,1.0,1.0
top10,0.0,1.0
top10,1.0,1.0
top10,1.0,1.0
top10,0.0,0.0
top10,1.0,1.0
top10,1.0,1.0
top10,0.0,0.0
top10,1.0,1.0
top10,0.0,0.0
top10,1.0,1.0
top10,1.0,1.0
top10,0.0,0.0
top10,1.0,1.0
top10,1.0,1.0
top10,0.0,0.0
top10,1.0,1.0
top10,0.0,0.0
top10,1.0,1.0
top10,1.0,1.0
top10,1.0,1.0
top10,0.0,0.0
top10,1.0,0.0
top10,0.0,0.0
top10,0.0,0.0
top10,0.0,0.0
top10,0.0,1.0
